{
  "classification_report": {
    "0": {
      "precision": 0.9387755102040817,
      "recall": 0.9787234042553191,
      "f1-score": 0.9583333333333334,
      "support": 47.0
    },
    "1": {
      "precision": 0.9777777777777777,
      "recall": 0.9166666666666666,
      "f1-score": 0.946236559139785,
      "support": 48.0
    },
    "2": {
      "precision": 1.0,
      "recall": 0.8958333333333334,
      "f1-score": 0.945054945054945,
      "support": 48.0
    },
    "3": {
      "precision": 0.9313725490196079,
      "recall": 0.9895833333333334,
      "f1-score": 0.9595959595959596,
      "support": 96.0
    },
    "accuracy": 0.9539748953974896,
    "macro avg": {
      "precision": 0.9619814592503668,
      "recall": 0.9452016843971631,
      "f1-score": 0.9523051992810057,
      "support": 239.0
    },
    "weighted avg": {
      "precision": 0.9559311590745084,
      "recall": 0.9539748953974896,
      "f1-score": 0.9537442300804427,
      "support": 239.0
    }
  },
  "confusion_matrix": [
    [
      46,
      1,
      0,
      0
    ],
    [
      1,
      44,
      0,
      3
    ],
    [
      1,
      0,
      43,
      4
    ],
    [
      1,
      0,
      0,
      95
    ]
  ]
}